,Sox2,Gata2,Gata1,Pu1,Klf1
cell_0,0.11577890038449537,0.0355976844380586,0.005245008475703064,0.0,0.01807975274547424
cell_1,0.0,0.050930600072356606,0.0,0.0,0.0
cell_2,0.0,0.0,0.0,0.0,0.0
cell_3,0.10166245509247086,0.0,0.0,0.0,0.0
cell_4,0.1994188551984878,0.0,0.017575506122702065,0.04517351170064152,0.0047006148880437285
cell_5,0.09616953223304825,0.0,0.0,0.01100975879155355,0.0
cell_6,0.12516322359397963,0.0,0.027042281852341463,0.010732958743368123,0.01776863545199607
cell_7,0.10523692952021377,0.0,0.03919877612111756,0.07467155987908912,0.0
cell_8,0.0,0.07087032310500972,0.03906557265307246,0.013222784134516255,0.0
cell_9,0.21552926250325782,0.10184474675408543,0.0,0.06575519085476958,0.0178690205329478
cell_10,0.0,0.0038813576317258207,0.032823749371867876,0.0,0.019756103009100412
cell_11,0.1689384515717564,0.039196414197870816,0.0,0.0,0.0
cell_12,0.09140797667563862,0.0,0.0,0.016448484091061182,0.0
cell_13,0.23155422200727271,0.0,0.0,0.0,0.0026014487129943256
cell_14,0.1890772215388568,0.05558196758501086,0.0,0.09110057078446725,0.0
cell_15,0.0,0.05250990251463512,0.0024527333093166616,0.10011963180031384,0.00942595962562328
cell_16,0.12834784532003662,0.0,0.0,0.0,0.031520574538411596
cell_17,0.19166837587008972,0.07130566768946617,0.0,0.08445537607159778,0.0
cell_18,0.24396332536768267,0.0,0.0,0.012489273117104942,0.0
cell_19,0.0,0.0,0.0,0.0,0.025134142493743284
cell_20,0.0,0.0,0.0,0.043652115462205786,0.0
cell_21,0.13767074154841563,0.03960368728392478,0.0,0.019318490145136848,0.0
cell_22,0.18154310663987072,0.0,0.010105733195448755,0.03470861027860117,0.0
cell_23,0.24991395630310798,0.0,0.04218665069547333,0.058243216635861336,0.03937941108529347
cell_24,0.22388535809258855,0.01415856874619483,0.0,0.0,0.0
cell_25,0.0,0.02398578077365524,0.0,0.0,0.0
cell_26,0.20082820420022227,0.029722169650589554,0.0,0.0,0.05209198796064111
cell_27,0.26043007554189035,0.0,0.0,0.06143423673002852,0.016981000412432133
cell_28,0.21444597449959793,0.03193311536404253,0.01913792398560345,0.01597077698468445,0.0
cell_29,0.0,0.008788364896731118,0.0,0.05400825624233884,0.0
cell_30,0.20340577412206567,0.0,0.0,0.0,0.0
cell_31,0.21730036753657406,0.010808980641556696,0.0,0.0,0.0
cell_32,0.1904522612308418,0.0,0.0,0.09082398270614882,0.0
cell_33,0.21275904702851817,0.0,0.08236719299885822,0.04587463885326795,0.053346743350258956
cell_34,0.21393962744883813,0.06518708852184246,0.018547650759130906,0.030659762897360707,0.0
cell_35,0.14102079713237292,0.07200195364961688,0.0,0.0,0.0
cell_36,0.16576269136071092,0.0,0.0,0.0,0.025992086548882062
cell_37,0.19729854724049123,0.09262247682275968,0.017573410619591195,0.0,0.0
cell_38,0.15899292707951185,0.0789307158739948,0.0,0.0,0.0
cell_39,0.1635324819506896,0.0,0.0,0.02931794248008416,0.0
cell_40,0.20030965416594754,0.0,0.03646884914013029,0.040308346864988555,0.0
cell_41,0.0,0.0,0.0,0.06889930838566449,0.0
cell_42,0.35322352774489496,0.0,0.029016465923793703,0.0,0.028290892341404656
cell_43,0.24075390451038722,0.0,0.0,0.15330469550808873,0.0
cell_44,0.14372163153818848,0.0,0.033905620748956006,0.0,0.06802231012426288
cell_45,0.2981457862355724,0.029228772854234038,0.0,0.0,0.0
cell_46,0.0,0.09919564798259113,0.0795408885147925,0.0,0.0
cell_47,0.0,0.0,0.0,0.0,0.0648457699900262
cell_48,0.2413412128066752,0.0,0.0,0.0,0.009960899150692851
cell_49,0.24311921299833805,0.1736416719967943,0.0,0.0,0.010095500098005496
cell_50,0.263902652307337,0.10191651630484488,0.0,0.040250726356638004,0.042637423528714566
cell_51,0.23611559558057127,0.059464960910734554,0.0,0.0,0.0
cell_52,0.25053215604634266,0.0,0.0,0.0,0.0
cell_53,0.24637770059860134,0.0,0.0,0.0,0.13779037791379756
cell_54,0.3327104499224012,0.0,0.0,0.0,0.0
cell_55,0.28616089765928643,0.026204039290663624,0.0,0.07116507914650422,0.022584272564754797
cell_56,0.2695021348264868,0.055766822689532786,0.0,0.0,0.0057830913546312954
cell_57,0.0,0.020190813943487408,0.0,0.0,0.0
cell_58,0.22421730071531784,0.10599407788454038,0.03780770106592928,0.0,0.028119883864647963
cell_59,0.285244217710232,0.09289770974402506,0.0,0.04175554671549281,0.0
cell_60,0.3356030864775188,0.10974068593335931,0.0,0.013168852925758706,0.0
cell_61,0.30034966037394506,0.05444799127816088,0.0029382118676260682,0.02077583337836506,0.0
cell_62,0.288516962027436,0.0,0.0,0.0517176807247866,0.008840623186526234
cell_63,0.27547763008800136,0.0,0.0,0.03401202885939718,0.017395088098523578
cell_64,0.0,0.044335575677961245,0.015404286354773873,0.04818776202181693,0.0
cell_65,0.0,0.08548219416177345,0.0,0.0,0.014702107148749012
cell_66,0.2524023191859196,0.0,0.0,0.018409996709964734,0.0
cell_67,0.348030484535207,0.0,0.06004456423205654,0.0,0.0
cell_68,0.3479445215215701,0.19301652538881742,0.014622994322071488,0.0,0.0
cell_69,0.33077322354818356,0.12444475020970497,0.08540194129631781,0.0,0.0
cell_70,0.4458786197271835,0.0,0.0,0.07480365141663081,0.0
cell_71,0.33039862707619694,0.0,0.04353422769418257,0.050956598897879374,0.0
cell_72,0.4529481115981121,0.0,0.0,0.0,0.0
cell_73,0.363474125668625,0.11717080559966504,0.0,0.04245141690722176,0.018228367191316174
cell_74,0.34188337755314735,0.1927898619850152,0.07064713941385968,0.0,0.0
cell_75,0.4130750170473279,0.0,0.0,0.06086311393533187,0.0
cell_76,0.29634393325165953,0.12633038751371994,0.0,0.0,0.0
cell_77,0.0,0.14570484093366637,0.0,0.02231904412476591,0.039744553399161074
cell_78,0.35506569639610147,0.17361915755306617,0.0,0.03127950469284918,0.004452801936961349
cell_79,0.0,0.0,0.0,0.027825222293301408,0.0
cell_80,0.4171473026690893,0.12711664307140608,0.1126335092553189,0.0,0.04599036302825296
cell_81,0.33639061984498186,0.26438552013349587,0.0,0.01586539449108972,0.0
cell_82,0.4519823374147276,0.19873701510567432,0.0,0.0,0.00918561615448155
cell_83,0.3794434238502689,0.0,0.0,0.003718306210059778,0.0
cell_84,0.4752182052984068,0.28541990378990545,0.0,0.11849645911331447,0.0
cell_85,0.3537185760188035,0.23194394647410113,0.06925903413697668,0.0,0.09756125388809375
cell_86,0.0,0.2960846958408814,0.045225745217450895,0.010299773670744028,0.05402664893857694
cell_87,0.34477661858054665,0.32501783470112283,0.017846680805614946,0.0,0.03745870240974293
cell_88,0.47738800987017366,0.0,0.12447336593933828,0.0,0.06417533164297382
cell_89,0.0,0.2804401740489868,0.05660246748227199,0.027566228344110173,0.015081761720031936
cell_90,0.0,0.32651137708866024,0.02786712696692134,0.0,0.0
cell_91,0.39380246691251863,0.3522289200075864,0.03380780256827799,0.07738110528400512,0.0
cell_92,0.34618327939842647,0.2505730790668375,0.10109768380299686,0.09717022792896532,0.016601931616353368
cell_93,0.4077035958488035,0.3060146911000594,0.03531118199299126,0.03295058347142295,0.0
cell_94,0.4096535179536297,0.31267396147539744,0.13320723995387743,0.06542309986232547,0.0
cell_95,0.4376190302396427,0.3192581915304627,0.0,0.08854420905299534,0.027354804191330327
cell_96,0.0,0.0,0.07892949922390262,0.03894582142442584,0.0
cell_97,0.0,0.3342988367353504,0.15173326342802596,0.08407282262953394,0.0
cell_98,0.4787574657615803,0.37235170835337356,0.060820494992595044,0.1517955633588507,0.0
cell_99,0.4658028108484622,0.4047024290839278,0.03933988829975604,0.12432775948335895,0.06464539151706848
cell_100,0.5039941889477301,0.29695915703169307,0.08245729460020618,0.18048919429062887,0.014918478006865033
cell_101,0.4856618135419249,0.41357764263979324,0.16850681154804303,0.09704456005274223,0.0
cell_102,0.49815755592360456,0.0,0.14034314133675757,0.2119348170587353,0.0
cell_103,0.5922145185095838,0.0,0.07685631221721241,0.1555246589174135,0.017153636345286435
cell_104,0.4627191448130653,0.3847134776821231,0.16708163057514291,0.2159982144673726,0.0
cell_105,0.5969899138884758,0.4463505909812117,0.1911009281192372,0.26884871114806397,0.03139951417887907
cell_106,0.5290226873235955,0.0,0.30497979391592567,0.2551465652221272,0.0
cell_107,0.43661150224356504,0.4706139070284718,0.1758139700902125,0.0,0.0
cell_108,0.5344674889117246,0.5261023599028681,0.0,0.0,0.0
cell_109,0.5241985304080087,0.0,0.0,0.27903020289713293,0.0
cell_110,0.5050544746926817,0.49976591093899475,0.31242438614376006,0.23137392803726578,0.011217647215521107
cell_111,0.5191930538309889,0.39652500963258885,0.35930467392471904,0.2967718949011498,0.0
cell_112,0.0,0.5084342465742022,0.0,0.3278272810306201,0.031445931142191755
cell_113,0.0,0.5379225918075686,0.0,0.3337043213696349,0.05198017414180045
cell_114,0.0,0.5746052329652326,0.3163677299076312,0.339995974496877,0.08576768930708689
cell_115,0.5452552000678967,0.5124881300860191,0.0,0.0,0.1024869253369581
cell_116,0.0,0.5323631161290509,0.4129505018829852,0.41634056800808417,0.015427175643259287
cell_117,0.5215913438733143,0.0,0.3547643555874083,0.0,0.0
cell_118,0.5422417622057164,0.5603138926355676,0.3511536631315325,0.495730055596223,0.11583698272892748
cell_119,0.5231693491189845,0.49169174985775005,0.33936818178920375,0.4858783627634462,0.0
cell_120,0.5117124605320544,0.5650955007890888,0.5316059705050007,0.5169208061538046,0.2391040003476252
cell_121,0.5955763383754639,0.0,0.3468383428401551,0.0,0.25637070592419253
cell_122,0.0,0.584729579666091,0.0,0.0,0.24091193905882685
cell_123,0.473815546856496,0.0,0.41981510273817263,0.6366718288968883,0.0
cell_124,0.6047261136662985,0.0,0.4281507636912837,0.5415524712922468,0.23624691356276423
cell_125,0.6064118604578002,0.5317482951519106,0.3514290426628823,0.6232597208709786,0.25336567703199364
cell_126,0.6114581227273792,0.6900950474232573,0.3687909237787325,0.6349887518175539,0.3624657736393835
cell_127,0.0,0.0,0.3947221715109956,0.6210094776890118,0.2740044323913204
cell_128,0.6355237734972538,0.6138495640430298,0.2869120341305364,0.60850459965993,0.0
cell_129,0.6300196883664841,0.5887550264625997,0.292761746414934,0.0,0.22572546655326897
cell_130,0.6026000914658213,0.7278026472154551,0.3085705621924618,0.0,0.20370579310383333
cell_131,0.67205361657149,0.6328118865594141,0.23139529163515557,0.0,0.1595343389448802
cell_132,0.6779465828727829,0.7940696896317092,0.0,0.0,0.2131662718373432
cell_133,0.6372694574715401,0.0,0.18552835037229623,0.7191299731461565,0.11854794878595043
cell_134,0.656465335785503,0.7053259946611194,0.1620304804996249,0.0,0.1676165586495459
cell_135,0.6690208513783533,0.7010069528380735,0.0,0.7416589124907466,0.015277594976414247
cell_136,0.6093113030212226,0.0,0.0,0.0,0.0227105369094193
cell_137,0.732989781706523,0.7263480468523561,0.0,0.7703981728721788,0.0
cell_138,0.5757458500494981,0.6618202818998031,0.2625600524883979,0.0,0.008617488371251463
cell_139,0.6588131898746973,0.7737208533323229,0.16432278107149234,0.6951773808478496,0.08106582020312271
cell_140,0.70260697265018,0.6022586714503567,0.14954004427442924,0.0,0.036187373400083496
cell_141,0.6911917545558579,0.7023298821570045,0.0,0.7902934053076437,0.0
cell_142,0.6698096109945837,0.8026201164285303,0.10475684052742085,0.7651805150643106,0.0
cell_143,0.0,0.7871872769642532,0.17382013042781377,0.8352619425763906,0.025955170576831117
cell_144,0.715120957569001,0.0,0.12784130513606257,0.8551640409165302,0.0
cell_145,0.6296460436928404,0.7993638996214486,0.2290056458181711,0.7537736478107164,0.0
cell_146,0.0,0.7431917768042205,0.1344469484857675,0.745407220498635,0.0
cell_147,0.6389444315545358,0.7390223214126469,0.06887823569024099,0.7599617069704494,0.0
cell_148,0.7779195928857158,0.7979680313604083,0.02867929180287447,0.7882080161429759,0.0
cell_149,0.6870922749994379,0.7051230208352497,0.15894141542356818,0.8031244408149394,0.02397194882782592
cell_150,0.0,0.0,0.027417933299798206,0.9144647225666094,0.06387087048430229
cell_151,0.0,0.9061721159782266,0.12559368046345265,0.8729886449482814,0.0
cell_152,0.7922832810184335,0.7999615261396604,0.09018849622030584,0.9419183767623586,0.0
cell_153,0.7406020580671228,0.7861637505763156,0.07256848983353585,0.8665811586591534,0.03712734206571751
cell_154,0.7624456246866288,0.682338502346465,0.15853662297130713,0.8262531763108353,0.0
cell_155,0.7794326529153512,0.8327340674370859,0.0539324098982058,0.970947190132179,0.0
cell_156,0.6671328516832125,0.7509941006961638,0.17522510950858003,0.0,0.0
cell_157,0.7551614342572647,0.0,0.06790732563757382,0.8218655020279289,0.03549062184984697
cell_158,0.8137495768917739,0.7638404287503,0.11274165532597813,0.8963966261058222,0.0
cell_159,0.7420262230584801,0.7684779302854018,0.034702211752545564,0.0,0.0
cell_160,0.8031082655105459,0.8225925530950736,0.11846233062834961,0.8480554485643018,0.0
cell_161,0.0,0.8273951447152611,0.06121073407685763,0.8866388175258652,0.0
cell_162,0.7881556605363997,0.9168019335296248,0.06364646074377991,0.0,0.0
cell_163,0.7962838282554194,0.7930158197697323,0.14985973450652024,0.8790212172252931,0.05964984479353059
cell_164,0.7255146348356236,0.0,0.04838925605937227,0.8459080921110717,0.0
cell_165,0.0,0.0,0.08995028904431482,0.8469085228209271,0.0
cell_166,0.0,0.7990008213249368,0.0910886766096327,0.8730609166611522,0.0
cell_167,0.0,0.846353812700313,0.04059210174595839,0.0,0.0
cell_168,0.0,0.8449132245827834,0.09129602925718681,0.8360861483317565,0.04020957953232532
cell_169,0.8442357735628241,0.8960042933584854,0.0,0.8798309070591931,0.06018991634128842
cell_170,0.0,0.8754052993479786,0.10602759682709473,0.8974174243653837,0.0
cell_171,0.802479178041927,0.0,0.11382067981029578,0.0,0.0
cell_172,0.0,0.0,0.09088574161649239,0.8961743042719207,0.0
cell_173,0.0,0.9123558739853873,0.08329693045639111,0.8654623615085649,0.0
cell_174,0.0,0.8547421595418957,0.006533150143906069,0.8673369591639976,0.0
cell_175,0.8238562198838987,0.8557047209421629,0.11820340695206433,0.8651793866568286,0.0
cell_176,0.8641971775562676,0.8589822678323791,0.09489303838980388,0.9265722545758884,0.0
cell_177,0.8533644263262391,0.8631867394265901,0.11766017268779659,0.9031561378156113,0.0
cell_178,0.8370272264625656,0.8142974496287927,0.03500893597770337,0.8014533971713974,0.0
cell_179,0.9150109173613239,0.8495106044249974,0.12200947411504268,0.8965960260778776,0.0
cell_180,0.918767428599278,0.9085141834647589,0.0,0.9499603373413921,0.0
cell_181,0.8465306826434549,0.9148177707205547,0.0,0.9549134172914546,0.0
cell_182,0.7801079288135667,0.8597395693004265,0.0955049643241067,0.871248706383389,0.0
cell_183,0.9024179756155658,0.9010920516074911,0.034999456299055855,0.909719863027491,0.0
cell_184,0.0,0.8305859556134898,0.0,0.9005351672764255,0.0002793000263531148
cell_185,0.8119245881452797,0.8796735648304844,0.0,0.856534691956805,0.0
cell_186,0.8033934252980237,0.0,0.0,0.9266730192843877,0.0
cell_187,0.8622805063725347,0.8145030456525214,0.0,0.0,0.029476086942685283
cell_188,0.8274777353279673,0.9088585889517052,0.1372435414259986,0.9931396212390997,0.0
cell_189,0.8390275587542818,0.0,0.0,0.8796120447758503,0.0
cell_190,0.8623900894508141,0.0,0.06660128761251743,0.0,0.03788033012394863
cell_191,0.8424993775804702,0.8843745129119679,0.06697738637759909,0.9360108269285595,0.0
cell_192,0.8744034679698255,0.9379106160960791,0.06029750576454605,0.83197775217897,0.0
cell_193,0.9112256993188068,0.8877994248457515,0.020159868177214976,0.8719568273360702,0.0
cell_194,0.8535157795998184,0.8066660926567573,0.0394630946428838,0.9065441191632752,0.0
cell_195,0.8963586742934876,0.9081672025284127,0.12254351572755502,1.0204390505846517,0.0
cell_196,0.0,0.0,0.07278797648055593,0.9144105877628766,0.0
cell_197,0.9192578246840182,0.8681346653848683,0.09744949749245362,0.8951363166355841,0.019878219336705066
cell_198,0.8211693111527998,0.0,0.06969929026083325,0.8407181823663176,0.09412188591995792
cell_199,0.8839047698179859,0.0,0.04373281797073952,0.9009925390332374,0.0591999591121771
cell_200,0.928690118951956,0.0,0.09007530199426288,0.8446926738088019,0.0
cell_201,0.8681722585384959,0.9208897198274666,0.04941345090763444,0.9112881421313433,0.0
cell_202,0.9166116878621647,0.9103261593053471,0.0,0.86126327752859,0.0
cell_203,0.9743821761786854,0.0,0.10565133058913495,0.9834166131701477,0.0
cell_204,0.9486168151597157,0.8602969230004486,0.05944130140720355,0.9390681485776771,0.08072167055192857
cell_205,0.8862632736288112,0.9102550487063215,0.0,0.8407874541719704,0.018109976834172023
cell_206,0.0,0.8718224830745294,0.0832153517744271,0.9454302163523615,0.0
cell_207,0.0,0.9254569692860593,0.013664146882917637,0.9937455547884102,0.05449932476833319
cell_208,0.8887577870032425,0.0,0.11416988469960532,0.0,0.0
cell_209,0.9861994597080642,0.9188994134360271,0.17086308269974243,0.9346871449592331,0.009553690579047012
cell_210,1.0794177310312145,0.910658942127285,0.0,0.0,0.056791753568844826
cell_211,0.0,0.8746025558100157,0.09777612683599794,0.7576312201347551,0.0
cell_212,0.9791483391326861,0.8914144576696931,0.0,1.0141000016681896,0.0
cell_213,0.9149491424085311,0.9028232434196987,0.07923699963998133,0.8996573732818419,0.0
cell_214,0.9456699760629224,0.9178076441685908,0.07964567153355565,0.0,0.022057040501130207
cell_215,0.8741844207767411,0.0,0.0,0.0,0.008997216357719585
cell_216,0.9073250234777948,0.8895034240817848,0.09898022215805684,0.8665848907445914,0.01863743244546875
cell_217,0.9664670636535644,0.9822537627851842,0.0,0.0,0.08603841366728135
cell_218,1.0281790759565996,0.9539151507617183,0.09708514571146959,1.0619903094408971,0.0
cell_219,0.9118594944640102,0.971347447657381,0.10464434877257572,0.9233763551805443,0.0
cell_220,0.9758575941595187,0.9725668033534188,0.08540750714953303,0.0,0.06961058411811655
cell_221,0.9685646367437799,0.9534584921669613,0.0,1.0018878462054095,0.061355581599674434
cell_222,0.972681701847464,0.9370836295578459,0.013142885568456816,0.0,0.0
cell_223,0.9036931073279926,0.9596811688226692,0.06922541863868915,0.9442599575684837,0.0
cell_224,0.0,0.9347849322565216,0.0,0.954520645895275,0.008265896140735184
cell_225,0.9329114270217924,0.9295903786892823,0.0,0.9559221309133851,0.0
cell_226,1.0089900705926864,0.917716678044737,0.1148267057854025,0.8863471566769546,0.03189615463790076
cell_227,0.9186754947136475,0.9352556965838366,0.05910335231540877,0.9071171770369262,0.0
cell_228,0.9515560313589724,0.842110893870597,0.0,0.9696464771172542,0.0
cell_229,0.0,0.0,0.12127508909109838,0.0,0.0
cell_230,1.0053502276867774,0.0,0.0,0.9456022506971509,0.0
cell_231,0.9315465359149945,0.8044771649715545,0.0,0.9382017206680827,0.0
cell_232,0.9914756678900003,0.9296386723898189,0.08768655084443312,0.0,0.0
cell_233,0.9975192889306925,0.0,0.11177479112114189,1.0040794339959795,0.03293997803353299
cell_234,0.0,0.0,0.01828949334805772,0.89926802806966,0.0
cell_235,0.9572565050776911,0.9851696760390664,0.0,0.945695856930965,0.0
cell_236,0.9348851664282665,0.0,0.12121494493081203,0.8773021379418002,0.04322949715582796
cell_237,0.9610380341602106,0.9400325145866558,0.149120402859718,0.0,0.0
cell_238,0.8922265141106519,0.8903488502612753,0.0,0.8854887231533127,0.0
cell_239,0.9995468707327413,0.9470640040874038,0.08681735034315632,0.864251273870481,0.0
cell_240,0.0,0.9992350264243126,0.055222624288384294,0.0,0.0
cell_241,0.9283400049526249,1.0109226324507314,0.06301059268775289,0.8711814343773665,0.0
cell_242,0.0,0.0,0.0,0.8786529675329796,0.0
cell_243,0.9852380251505493,0.9679434236643049,0.10086522972036145,0.9003404459728411,0.0
cell_244,0.9214897108643908,0.9463404453469217,0.006629648457992535,0.9359056704442716,0.0
cell_245,0.9318484709221161,0.9881384122985821,0.0,0.0,0.0
cell_246,0.0,0.0,0.0,0.9189624583893655,0.07711427371371944
cell_247,0.9987326792663406,0.0,0.061598892418869775,0.8582655268661054,0.010317667959909448
cell_248,0.8695034430686134,0.8813671901789961,0.12917508715440082,0.9224259647431375,0.0
cell_249,0.9531293611119659,1.0691801597992008,0.12495607965287939,0.8847027153288662,0.0833405128714878
cell_250,0.9531788343921074,0.0,0.04384629979523869,0.8766168990687552,0.0
cell_251,0.9182988773967651,0.8928698893334398,0.11805199015703186,0.8654255341177793,0.0
cell_252,0.0,0.0,0.03555773622809613,0.9052603594435347,0.0
cell_253,0.898916641843244,0.9650053397570008,0.08775168947369553,0.0,0.0
cell_254,1.0296688351193164,0.8674506345616314,0.07617809986519987,1.0223858182261853,0.030560982716203073
cell_255,0.0,0.9214048414602487,0.03320463815133427,0.0,0.03268922936766227
cell_256,0.9487619559799889,0.0,0.0,0.9313368104149304,0.0
cell_257,0.9434603724789723,0.9645860016326885,0.11408166561058482,0.9594772834463059,0.11275618779717748
cell_258,1.0069565959366504,0.8935168461658214,0.032157599595735414,1.0399148978006278,0.0
cell_259,0.9450743917015355,1.017827779837517,0.15883085060850233,0.9207502570021291,0.012100115886534965
cell_260,0.864039395919417,0.8849118292418526,0.05479564889316543,0.923167691195914,0.0
cell_261,0.0,1.03968895228611,0.09627037738417862,0.9388492127887719,9.427176803693577e-05
cell_262,0.9340278224549019,0.9914056822309327,0.0,0.9170923057293268,0.0
cell_263,0.0,0.9353952814691727,0.11907163730400588,0.9832060228459809,0.0
cell_264,1.0203013956598017,0.0,0.08881248724494997,0.9419361263672049,0.0
cell_265,0.953385453957537,0.9284950438680328,0.0,0.9016394489334605,0.04787414109347297
cell_266,0.0,0.9930191911053501,0.09678449510273832,0.9117233771896535,0.0
cell_267,0.0,0.856402603652423,0.0,0.0,0.0
cell_268,0.0,0.967053984990698,0.1393187507147536,0.9752918096832275,0.018822734557439255
cell_269,0.8656511096950485,0.9034664643822939,0.08297520528333233,0.9220494143932504,0.0
cell_270,0.9795563490101658,1.0132003732760446,0.0,0.8719250997329313,0.021801275775147445
cell_271,0.8188144352789539,0.0,0.0,0.0,0.0
cell_272,0.9874466467469118,0.9428429930326853,0.0017900130169884176,0.0,0.0
cell_273,0.0,0.9744974175748563,0.10618336310536106,1.0285890436179503,0.0
cell_274,0.8987379458750572,0.0,0.057364922318718675,0.9364849107821202,0.009041834648030522
cell_275,0.8010752907311666,0.9378104216490034,0.08757454344659626,0.0,0.0
cell_276,0.8490146771181728,0.9274853527001194,0.14826126582607108,0.9132747696160324,0.0
cell_277,0.8802868841179327,1.0235841251951272,0.005366501576384741,0.9642484554982779,0.0055735334389238125
cell_278,1.0040976506653319,0.9876348259356612,0.0,0.8447830326229919,0.07148493767628589
cell_279,0.9782760880704862,0.8661420449176023,0.11042149617556551,0.8816662539785498,0.0
cell_280,0.8221714456114803,0.9673212207270963,0.0867337369181258,0.0,0.0726266981007052
cell_281,0.9332742700938519,0.9491655748994061,0.11065980974690431,0.8681494004417049,0.0
cell_282,0.8366791758346085,0.8741753374717125,0.0,0.0,0.10291365919133981
cell_283,0.8398256987290185,0.9270425399031025,0.06969219543889195,0.9473815215234644,0.029123456795407697
cell_284,0.9092440111210955,0.8691930561805508,0.0,0.9654445748535629,0.0
cell_285,0.9870139026967302,0.9049522700744552,0.041591798553927084,0.9354471506489823,0.0
cell_286,0.8166754517713285,0.9145056358106078,0.1530955990512448,0.0,0.0
cell_287,0.0,0.921524286707159,0.08753193012606914,0.98357012289217,0.0
cell_288,0.8864467296047335,0.8675129978380378,0.017167161869570652,0.9167735608070331,0.016183655903170564
cell_289,0.900658780988471,0.9520683768117271,0.12237558184699071,0.7995839954577724,0.0
cell_290,0.8198456013660302,0.9676595457142324,0.09026021387177274,0.9510193615182554,0.0
cell_291,0.0,0.8175473903597275,0.128223587481628,0.9026928523453647,0.0
cell_292,0.9185754471873419,0.993663457325266,0.0,0.9796032672400359,0.0
cell_293,0.7487420811764476,0.8908108734457413,0.0,0.0,0.005182924519578816
cell_294,0.0,0.9183770759148673,0.0627690389584184,0.8883320329310838,0.0
cell_295,0.8374720581972657,0.8912090904566821,0.018463298933540068,0.0,0.0
cell_296,0.8669487783991683,0.9019208686858448,0.06446979442715348,0.9445110102156947,0.040726488278229264
cell_297,0.8818571691422301,0.8163541215734849,0.050926209161615214,0.9527467682227059,0.025772931864978792
cell_298,0.8781729698266001,0.9182535430691959,0.031065204551042204,0.978255108832008,0.0
cell_299,0.8897542493590238,0.9003616678242558,0.0,0.8969686633552946,0.060190675523440845
cell_300,0.8072855915313024,0.8392517244637223,0.05939964257794737,0.8755089887190939,0.0
cell_301,0.8547780195574867,0.938247705848891,0.0463042388024436,0.9422159387231149,0.0
cell_302,0.8240677765774952,0.9030211105138173,0.0,0.9410201998583345,0.0
cell_303,0.8509549485562757,0.0,0.0506826176530681,0.0,0.0
cell_304,0.8182252855632519,0.0,0.0,0.0,0.0
cell_305,0.8261697520195537,1.0012587597443594,0.06518649293777577,0.9654427530138343,0.0
cell_306,0.8101937448957657,0.8942604159952282,0.05269059494861093,1.002672912418929,0.0
cell_307,0.8072130846442348,0.9578927815591622,0.06886445284433867,0.8848938900325097,0.011647335168779971
cell_308,0.8314546277086992,0.0,0.08839892126929066,0.9504528483358341,0.047288273748566916
cell_309,0.7456332309883844,0.8661135983596093,0.11787234091418189,0.936867802441754,0.011733244814008137
cell_310,0.8304365784263864,0.9307682410507031,0.0315592595465284,0.0,0.0
cell_311,0.8855455022641254,0.8284836608636265,0.06280901761534144,0.9020797226189656,0.0
cell_312,0.7014596084112672,0.8772274175455065,0.13533758577335653,0.9665252855877318,0.0
cell_313,0.7710580863298032,0.9649997330383278,0.0,0.9592338625535816,0.02541221658802615
cell_314,0.8093525694772137,0.8882682771308152,0.0,0.9561049914715198,0.0
cell_315,0.7131359601140053,0.8808986202018624,0.07748448425504124,0.9171052829319315,0.07952501869665281
cell_316,0.7421288524721311,0.9080741300423719,0.09419248250312727,1.0265817123680503,0.0
cell_317,0.7393934831007526,0.8453332545934408,0.1410970743714734,0.8665625015545566,0.08290057138914657
cell_318,0.8421683473188729,0.9090484611970516,0.0970363944661034,0.0,0.009110924546272691
cell_319,0.6862688347519559,0.845160224313979,0.08542728217700286,0.0,0.04754375941661215
cell_320,0.0,0.0,0.022378195732562285,0.8416065617178804,0.0
cell_321,0.0,0.0,0.09246967834064886,0.840219402904562,0.0
cell_322,0.0,0.9762608960183558,0.0,0.875249587624094,0.0
cell_323,0.6859310425319358,0.8735693500246642,0.0,0.8620901356437504,0.10805758918783391
cell_324,0.684877986283106,0.0,0.13107722662180443,0.0,0.0
cell_325,0.6414316790374908,0.8068464521413486,0.08712731040870628,0.0,0.0
cell_326,0.7205536437164584,0.8924965089076083,0.1145395948615379,0.0,0.0
cell_327,0.7600299011088927,0.8497353985340318,0.03888369479038917,0.0,0.061436156041426035
cell_328,0.8087304655896431,0.8109793949647127,0.0,0.9271485160007286,0.0
cell_329,0.7483750223018123,0.8153664812921086,0.18806036862398962,0.9022609451697512,0.0
cell_330,0.6462656406667426,0.0,0.0835090612627562,0.9085720062754283,0.03601889148013095
cell_331,0.6745762573790619,0.7626839070355372,0.0,0.9219053292447034,0.03551850823716789
cell_332,0.6537085288111568,0.7972823460161793,0.0,0.7982090507163748,0.0
cell_333,0.735008799604115,0.8088233816626418,0.006147153667824631,0.8817184334020829,0.0
cell_334,0.7943975981391896,0.829648696257421,0.03801501134314959,0.7909619017072517,0.0
cell_335,0.6786357890244736,0.8235788885250095,0.09049360120322368,0.0,0.0
cell_336,0.5994196270738938,0.8156450338406346,0.0,0.9525052988879408,0.0
cell_337,0.7577447753147761,0.7708312376355525,0.08924660824836139,0.8968315338668023,0.0
cell_338,0.0,0.0,0.15443711089151851,0.8199711378484065,0.0
cell_339,0.0,0.7749487133537115,0.013909072485776774,0.0,0.0
cell_340,0.6381078041732546,0.0,0.11413204450010392,0.8998055744932941,0.01709202166398784
cell_341,0.7378550003498167,0.8412728679722413,0.0,0.8603887335775329,0.0
cell_342,0.6144765753777233,0.0,0.06926937336066594,0.8551324384998784,0.06585334961608362
cell_343,0.5688200627146786,0.7722656038332943,0.10704998390714063,0.8756687333861641,0.0
cell_344,0.6379469486293864,0.8123664221631411,0.09777114007221857,0.8881563015215482,0.015377387719028605
cell_345,0.0,0.0,0.0,0.8915172493131078,0.0
cell_346,0.6670425184841345,0.7785404506845576,0.0263356620386722,0.0,0.0
cell_347,0.64489885480943,0.7376076300968509,0.1392358903033016,0.8856958055495949,0.0
cell_348,0.5957054234867203,0.7621920333970458,0.11766213509787511,0.8963873997773044,0.0
cell_349,0.6217713788426751,0.0,0.12271823911908424,0.0,0.03014779412835677
cell_350,0.0,0.7619585044720497,0.0948233762707173,0.8566552658539963,0.0
cell_351,0.6826841763228485,0.0,0.0,0.8765333726800624,0.0
cell_352,0.624982381209655,0.0,0.02395718461556849,0.9850017968296846,0.0
cell_353,0.6357575847838748,0.6799311438070725,0.0,0.783265279039179,0.0
cell_354,0.0,0.6821002534313324,0.0,0.0,0.0
cell_355,0.52463257972828,0.7107526988114359,0.056096949772826615,0.7894277115370079,0.006608504210409399
cell_356,0.5512179411929412,0.0,0.082851994318172,0.8255868922486771,0.0
cell_357,0.6256149986544284,0.7606796183682842,0.07742218356532711,0.7799698384767759,0.0
cell_358,0.4577921299788614,0.6292416541861444,0.0433795834097954,0.8244372780709851,0.0
cell_359,0.6359757341631861,0.7341336832997892,0.1488801162164366,0.7967770196428013,0.01220812688981812
cell_360,0.512145875618048,0.7512141747913844,0.02663149113888698,0.7918449474656408,0.0
cell_361,0.6790310931367824,0.6617567534888705,0.0,0.6870062479639986,0.08553144592528768
cell_362,0.0,0.0,0.0,0.8376093727560412,0.0
cell_363,0.5167146516392488,0.0,0.10119955161189609,0.8255082999978243,0.06133452876925376
cell_364,0.5993069141721934,0.6813427151810404,0.11959460071706354,0.73118966817898,0.0
cell_365,0.5756206966157077,0.6677107293626796,0.11711701398334994,0.0,0.0
cell_366,0.0,0.5777970829194228,0.09525759614403101,0.8283968451488123,0.0
cell_367,0.6224554775750575,0.6756947068876471,0.16173162847755967,0.7642320130575935,0.0
cell_368,0.4849502654299589,0.6381851253126511,0.08022506100176122,0.8033182857579761,0.007535994262629547
cell_369,0.0,0.6487877795115353,0.16287723713042063,0.7226816961568546,0.02560959056142162
cell_370,0.5178758417516879,0.6074635448836141,0.09127022375706641,0.6882505460338082,0.0
cell_371,0.4529644920364375,0.0,0.13055087907180263,0.0,0.0
cell_372,0.4673753340011059,0.5677860451594141,0.07727691832992986,0.0,0.0
cell_373,0.0,0.6432145981376645,0.0,0.6783617154796678,0.0
cell_374,0.49268757169470045,0.5263276598190825,0.16376952751412627,0.0,0.08196953483750032
cell_375,0.384399071742217,0.5462270315257649,0.04951925903735428,0.7423998115149474,0.0
cell_376,0.0,0.5219093646192317,0.08485530148676673,0.0,0.022751827041369233
cell_377,0.0,0.0,0.0,0.7253256915348197,0.0
cell_378,0.0,0.0,0.08003486631266539,0.0,0.0
cell_379,0.0,0.509588817079681,0.18030394103653113,0.699602766922628,0.00012895581031259948
cell_380,0.0,0.0,0.0817377003514395,0.6551450543554029,0.0
cell_381,0.43772241755730984,0.5042055488911101,0.015105591397824733,0.7204718297944375,0.031553591469964
cell_382,0.0,0.48658776361533,0.06213921833293658,0.5802688334049909,0.0
cell_383,0.5019116578010577,0.0,0.10360971079743928,0.5086901221698611,0.0
cell_384,0.0,0.39059916364282143,0.19622465073886208,0.0,0.0
cell_385,0.46399572989047116,0.44347898599570035,0.0,0.6335765991751038,0.0
cell_386,0.5228253413459407,0.4264615124003994,0.12590575317622346,0.6333819015999446,0.013861358764617252
cell_387,0.32695637501296415,0.44204007401664847,0.0,0.43712046653229836,0.0
cell_388,0.44021328094571127,0.36504612089789196,0.06754484720709816,0.4820219673581713,0.0
cell_389,0.3844659323078708,0.3453024751130458,0.0327045260041135,0.4424299743622184,0.04239023711639493
cell_390,0.46478517594495794,0.4400293237614788,0.13641282196068125,0.46746396176200694,0.0
cell_391,0.36666329068422937,0.40867119556062903,0.0,0.47445935279635537,0.0
cell_392,0.34775320183814445,0.4190615902855389,0.09740318321040314,0.37599551077495297,0.07716809664126435
cell_393,0.34869267149481914,0.3376055524321673,0.12259593571722772,0.43736626740885387,0.0
cell_394,0.45899481931332237,0.34826706576269145,0.1444977788800831,0.33190303070322097,0.0
cell_395,0.4654981853664103,0.3611589350016574,0.11694259410108412,0.3379243001697656,0.027372898335829267
cell_396,0.3917709993874141,0.32779441160439277,0.0,0.35195071513150744,0.0
cell_397,0.2873083155182683,0.35589938551731837,0.2611350479666956,0.0,0.0
cell_398,0.4463311193132141,0.4081522920899323,0.17259104598525338,0.0,0.03885559112729006
cell_399,0.34643307982955207,0.0,0.12379876070314608,0.28956038017566593,0.022631356356381766
cell_400,0.34473271395566984,0.25915425170911344,0.0878899752740209,0.16697507178431975,0.0
cell_401,0.28675393005647476,0.0,0.12520250528614732,0.0,0.10884303005568313
cell_402,0.0,0.0,0.15212961150444987,0.13893980391847127,0.07008194428676563
cell_403,0.3992479995776089,0.24756290863976915,0.16647858189505335,0.1609567846192835,0.02352259221216141
cell_404,0.28543006406730703,0.27849444242238924,0.2229352471715595,0.19959290943542396,0.0
cell_405,0.0,0.35374366693679893,0.17611697742727256,0.165772067808902,0.0
cell_406,0.0,0.0,0.029530129919156267,0.19433932468779275,0.012517538999856637
cell_407,0.4155678030893164,0.0,0.012395836796411541,0.23057492831360182,0.0
cell_408,0.0,0.22401385074034635,0.0,0.12439321774902569,0.0
cell_409,0.0,0.23748381773116276,0.14047462425453272,0.11125673030180311,0.02063898785473739
cell_410,0.3938715972806037,0.1688731162325228,0.09402290332465008,0.0,0.055840885960311525
cell_411,0.0,0.0,0.06379820277922621,0.14491549716610022,0.0
cell_412,0.3535728102942691,0.19314528162607436,0.07366047973244978,0.0,0.005341913529358231
cell_413,0.0,0.0,0.02679794149755991,0.0,0.0
cell_414,0.2504081237232932,0.2566946721261387,0.0046972841005024565,0.013765204795913331,0.0
cell_415,0.3686571627021413,0.22189004850777544,0.06517221433721554,0.05370555984182164,0.0
cell_416,0.2891181073510741,0.13522083310616898,0.07591841326975751,0.0,0.04607421206961261
cell_417,0.4018627619349589,0.19742329204096581,0.0,0.0,0.0
cell_418,0.29576321800321126,0.07976447561075635,0.11127477872697296,0.007801283082649196,0.08879012814125535
cell_419,0.0,0.12129170690638934,0.0,0.0,0.05200518862932991
cell_420,0.2717667824857855,0.0,0.012867660708039132,0.10874965362512702,0.08049617491811767
cell_421,0.26037468147216003,0.15190502363227631,0.051326676418175475,0.0,0.0
cell_422,0.259985222325206,0.1507829819899048,0.0,0.0,0.0
cell_423,0.244412401180302,0.06345436377684399,0.0,0.003964268965223524,0.0725563396845044
cell_424,0.26407246517479305,0.1729606208622465,0.0,0.0,0.0
cell_425,0.2553892499363702,0.1524540593614364,0.0,0.0,0.047387639066983886
cell_426,0.22735800372777956,0.0,0.0,0.03509852914392452,0.0
cell_427,0.3016006311980439,0.1348206393506319,0.11886775258351343,0.0,0.0
cell_428,0.20019558726264675,0.0,0.025339478623168668,0.0,0.0
cell_429,0.26470676775764884,0.04545757376799211,0.0,0.0,0.008913382029081294
cell_430,0.19989237915985253,0.0,0.0,0.0,0.04615750521780038
cell_431,0.0,0.08546715637802085,0.09348306379315859,0.024429537788486205,0.014691150066229446
cell_432,0.22037439541178153,0.03168764986259337,0.09067147238132596,0.0,0.09489956876473395
cell_433,0.20656247246639742,0.14017346839126116,0.0,0.02352889433186162,0.0
cell_434,0.2594280678691998,0.0,0.0,0.0,0.10223444589375635
cell_435,0.22251977755979355,0.08588158766598596,0.0,0.0,0.0
cell_436,0.17354595059921255,0.15056903792828408,0.0,0.0,0.0
cell_437,0.27099212648981097,0.0157203590843258,0.0,0.0,0.0
cell_438,0.30649266284587373,0.05281358230765588,0.0,0.0,0.0
cell_439,0.22386334425504847,0.0,0.007699025313943068,0.0,0.0
cell_440,0.13082613707699556,0.029241779611689847,0.10887984405775146,0.0,0.00021859234252802904
cell_441,0.2311702773136812,0.11071610491040873,0.13348849369977697,0.0,0.0
cell_442,0.2642366791528712,0.05897581700040817,0.10078844433032623,0.03673639780613522,0.0
cell_443,0.0,0.0,0.025417362180052343,0.0,0.0
cell_444,0.12482123298493795,0.0741669669952911,0.0,0.0,0.0
cell_445,0.10509721939686088,0.027814883444886626,0.0,0.0,0.0
cell_446,0.20804863517579106,0.04172637819843524,0.06478924599968348,0.1202567811549374,0.0
cell_447,0.18643588414817425,0.07422774202266924,0.0,0.0,0.0
cell_448,0.20756701800750516,0.096537378056957,0.0,0.06634790930605873,0.03488436833087426
cell_449,0.1555953849028898,0.03652534252517039,0.027281321858822743,0.0,0.0931430838538209
cell_450,0.1461079402088868,0.0,0.019089503011332623,0.10042727581776657,0.0
cell_451,0.0,0.09352889636237742,0.0,0.10302487878586261,0.0
cell_452,0.0,0.023077439659171306,0.023034233861395633,0.0,0.0
cell_453,0.0,0.0,0.0,0.0,0.0
cell_454,0.24345148224298063,0.0,0.0,0.09837028886559443,0.0
cell_455,0.17275556077079146,0.04141255665303965,0.0,0.0,0.0639442413050558
cell_456,0.18630881046428424,0.0,0.0,0.0,0.0
cell_457,0.05982754870627997,0.0791273189613266,0.005123312613864308,0.026850971167655488,0.0
cell_458,0.14071132005636877,0.0,0.0037940151874385174,0.0,0.0
cell_459,0.21692950645244408,0.053612259744225045,0.0,0.05162321661400917,0.060405171580366956
cell_460,0.22943298491998176,0.0,0.0,0.0,0.044561649172519556
cell_461,0.0,0.0,0.027727070015380516,0.0,0.0
cell_462,0.11216840029674784,0.0300860343960098,0.04577056670859488,0.0,0.0
cell_463,0.13722238462327713,0.09010270297385467,0.04504493159650156,0.0,0.0
cell_464,0.0,0.0026293913422343294,0.02663216846173923,0.013288316255103134,0.05048004379108761
cell_465,0.06590522323115526,0.0,0.012552491136992446,0.01172626419841732,0.0
cell_466,0.0,0.0,0.0022361473523607265,0.03503040154592031,0.0
cell_467,0.13472737551133096,0.0,0.0,0.09265071927441985,0.0
cell_468,0.20823821046142882,0.0,0.0,0.07288557323806624,0.0
cell_469,0.1125238817956568,0.05303241598270544,0.0,0.002547364699208394,0.008313474990757044
cell_470,0.12383242582246747,0.035282897429451926,0.019288270948121862,0.0,0.014799658024528338
cell_471,0.10707907160615913,0.01518588962106475,0.0,0.0048651736392311745,0.08003229450894594
cell_472,0.09816804959253195,0.0,0.07970777148905381,0.014622718571735466,0.0
cell_473,0.11616281564446736,0.0,0.046892579713281826,0.0,0.03142861787521375
cell_474,0.13746653108255952,0.0,0.0,0.0,0.0
cell_475,0.12033281607994321,0.0,0.031664918413053696,0.0,0.05294590571595419
cell_476,0.13904558755862104,0.0,0.0,0.03138561184177328,0.11896413042970427
cell_477,0.0,0.0,0.08320477398027544,0.0,0.0
cell_478,0.0,0.02197083776862754,0.0,0.0,0.04276376346906882
cell_479,0.0,0.05888178241852089,0.03268912069914621,0.0,0.07620580810675485
cell_480,0.06775043990451955,0.0,0.0,0.0,0.03112968318029853
cell_481,0.0,0.0,0.0,0.0432607068874255,0.0
cell_482,0.04454296976926411,0.0,0.0,0.0,0.0
cell_483,0.10009682900553316,0.0,0.0,0.06910204516389463,0.0
cell_484,0.17504961022615934,0.0,0.011599105777675697,0.0,0.0
cell_485,0.0,0.0,0.0,0.02048524774334734,0.061203958913268845
cell_486,0.09893273349936471,0.007382216691050017,0.0,0.0,0.0
cell_487,0.03768001464785169,0.0,0.0,0.0,0.05231666824909095
cell_488,0.0,0.0,0.05617479284837973,0.0,0.0
cell_489,0.18588018372953863,0.0,0.0,0.07492900254891226,0.0
cell_490,0.0,0.0,0.0,0.020213059900465194,0.0
cell_491,0.17619776211363297,0.0032053819654096517,0.0,0.0020435932360694463,0.005139369075476823
cell_492,0.0,0.0048840287741598876,0.0,0.0,0.026352175456768878
cell_493,0.0,0.0,0.0004277621584846595,0.0,0.0
cell_494,0.0,0.0,0.0,0.04702354385259974,0.013399799795260481
cell_495,0.0,0.07537836523769359,0.03387472573198965,0.0,0.0553283365255468
cell_496,0.11205793042919847,0.04295921873775997,0.0,0.0,0.0
cell_497,0.05646542099829747,0.0,0.0,0.0,0.02848561971452761
cell_498,0.0,0.0,0.0,0.0,0.0
cell_499,0.05081668558026374,0.0,0.010694811761492362,0.008552295545129034,0.0
cell_500,0.0,0.0,0.0,0.0,0.028476195239456326
cell_501,0.0,0.0,0.0,0.03203108777565589,0.0
cell_502,0.0,0.09686685560677208,0.0,0.0,0.0
cell_503,0.041911874369150566,0.0,0.0636175344751293,0.0,0.0
cell_504,0.08586466283768178,0.0,0.0,0.0,0.0
cell_505,0.06464306314874346,0.0,0.0,0.06422564560536964,0.05819717698062581
cell_506,0.04122437577368839,0.05496603872214732,0.0,0.0,0.0
cell_507,0.0,0.02366242524721996,0.0,0.08308170618690906,0.04197181915172073
cell_508,0.0,0.0,0.0,0.049955295104796626,0.0
cell_509,0.06551807915579112,0.0,0.0,0.0,0.0
cell_510,0.0,0.04884386588805854,0.0,0.0,0.0
cell_511,0.05434260949899075,0.0,0.0,0.0,0.10891976901017819
cell_512,0.12975544080223175,0.02235928412943916,0.12433818805068017,0.06386611795613659,0.0
cell_513,0.0,0.013814668355221587,0.0,0.010573865438107573,0.0
cell_514,0.15223537574742707,0.0,0.056011517408420274,0.0729695784874178,0.0
cell_515,0.0,0.08000940601335585,0.07291226725795616,0.03758844388012106,0.02198526722270291
cell_516,0.06153025468455121,0.06377160544807776,0.02915303116125156,0.006214563633533955,0.0
cell_517,0.0,0.0,0.09322286883171037,0.0,0.0
cell_518,0.04325994782745083,0.0,0.0,0.03216188083418888,0.016289661549215427
cell_519,0.11331785195613761,0.03033836668463012,0.0,0.0,0.009857366440819137
cell_520,0.0,0.05412910474293218,0.0,0.0,0.0
cell_521,0.0,0.0,0.01575934115393849,0.05894117835834563,0.02599279780680477
cell_522,0.0,0.04476203481037505,0.0,0.0,0.0
cell_523,0.05605392866156123,0.0,0.0,0.08294973313846549,0.0
cell_524,0.08332520080307981,0.08983469171759054,0.0,0.0,0.0
cell_525,0.035357882092933335,0.07270814065238351,0.0,0.0,0.0
cell_526,0.11114014784832471,0.020738953134488012,0.0,0.05213919318685638,0.0
cell_527,0.029180501349691294,0.10633883999472779,0.0,0.014516618783146739,0.01117617445574355
cell_528,0.049795746775663,0.00044062889140676935,0.0,0.0,0.0
cell_529,0.010536428304219143,0.0,0.0,0.0,0.020454798302101184
cell_530,0.04488104153219418,0.08288251159466474,0.030166644534407736,0.0,0.0
cell_531,0.03350157594956743,0.0,0.00018470184079702617,0.0,0.0
cell_532,0.04785809757208259,0.0,0.0,0.0,0.0
cell_533,0.05046747164023985,0.06793325935009634,0.0,0.0,0.04892490812159535
cell_534,0.0177380219138613,0.0029528666816486613,0.0,0.09395924289327359,0.0
cell_535,0.0,0.032610528439059615,0.0,0.0,0.05894204898464735
cell_536,0.014295988332732854,0.0,0.0,0.017691518401887433,0.024230313612990207
cell_537,0.0,0.010358062813532068,0.0,0.0,0.08458931746187996
cell_538,0.0,0.005182019547741047,0.0,0.0,0.0045435970443713615
cell_539,0.0,0.0,0.0,0.017497302957187072,0.0
cell_540,0.0,0.05369046176668785,0.03165121168180244,0.0,0.0
cell_541,0.07924921137596067,0.0,0.0,0.0,0.0
cell_542,0.0,0.0,0.0,0.0656170983403577,0.11595924686678949
cell_543,0.062105087342573466,0.0,0.0,0.021024593381767702,0.0
cell_544,0.07579192944173219,0.0,0.0,0.0028685455550511094,0.034273121445667125
cell_545,0.0,0.017791107283484146,0.0,0.014613947801275305,0.0
cell_546,0.0,0.0,0.0,0.0,0.03027268904800237
cell_547,0.0,0.0,0.032945465884960785,0.0,0.0
cell_548,0.08953841585891223,0.0,0.0,0.024020761626989476,0.0
cell_549,0.051608422972126325,0.04132995025467404,0.0,0.02458202082617847,0.0
cell_550,0.05508365342307462,0.0,0.12627774228971092,0.017708121884824405,0.0
cell_551,0.08376699514009711,0.0,0.0,0.0,5.88820328405094e-05
cell_552,0.0,0.02192322437751315,0.0,0.005626027942371929,0.031424673777319105
cell_553,0.0,0.0417960802946351,0.0,0.0,0.0
cell_554,0.02286244525596847,0.0,0.0,0.0,0.0
cell_555,0.03006417832425807,0.07100175607968875,0.04558857872793932,0.042477999266882775,0.025865803268270333
cell_556,0.0,0.0,0.0,0.059307924174804516,0.059959844546546716
cell_557,0.0,0.0,0.08374301138871883,0.07125067529661046,0.0
cell_558,0.019201446875861058,0.002508899111164129,0.05515924580536474,0.0,0.02958950758247348
cell_559,0.0,0.015040198062526782,0.0527008285934852,0.007332937868016505,0.0
cell_560,0.0671285016955629,0.0,0.0,0.01323745802986107,0.0
cell_561,0.03424960456617498,0.0,0.013510847474336432,0.0,0.0
cell_562,0.0,0.0,0.0,0.0,0.0
cell_563,0.0,0.028042099269235784,0.002551932858826708,0.0,0.0
cell_564,0.0,0.0,0.020036629737811826,0.0,0.0
cell_565,0.05413191398211176,0.0,0.01740325778275003,0.06713678970604585,0.0
cell_566,0.0,0.02284519099063561,0.09237046524219591,0.0,0.051241330534738186
cell_567,0.006998621686279141,0.0,0.009586743982115164,0.0006159602814085818,0.04313939036971294
cell_568,0.0,0.0,0.0,0.0,0.14862871463163677
cell_569,0.0,0.022446168208650998,0.015316122223472556,0.0,0.0
cell_570,0.0,0.0,0.0,0.0,0.0
cell_571,0.05058665738206454,0.02984606969998795,0.0,0.0,0.036904424075696045
cell_572,0.07300054487979155,0.1046045915417491,0.0,0.0,0.0
cell_573,0.0,0.0,0.0,0.0,0.0
cell_574,0.03141829033278187,0.0,0.011450624602554966,0.0,0.053000821963108416
cell_575,0.07168767763571535,0.0,0.06781424968625903,0.0,0.0
cell_576,0.04512460371091264,0.0,0.0,0.0,0.06805981238294026
cell_577,0.0,0.0,0.0,0.0,0.0
cell_578,0.0,0.015520323182305399,0.005290987410860832,0.03611024058615483,0.09600177173561558
cell_579,0.0,0.0,0.0,0.0,0.020168119157411388
cell_580,0.04355787256949413,0.0,0.06658518712871962,0.0,0.0
cell_581,0.0,0.0,0.03728558112376327,0.00014016847037178704,0.0
cell_582,0.00071195240678836,0.029664683390542044,0.0,0.0,0.0
cell_583,0.0,0.0,0.0,0.004776988021213758,0.028747985858315946
cell_584,0.0,0.023358270587147206,0.0,0.0,0.0
cell_585,0.052160385815554586,0.015324396455766985,0.030024455388338228,0.0,0.0
cell_586,0.0,0.0,0.0,0.0,0.0
cell_587,0.0,0.003217256197659695,0.0,0.018657454085646223,0.05629151349062275
cell_588,0.0,0.0,0.0,0.0,0.0
cell_589,0.013790841878979058,0.013178482336051898,0.0,0.02811782634296871,0.0
cell_590,0.06111824249176082,0.0,0.007659592958278637,0.056039781939411816,0.0
cell_591,0.0,0.049767647909720505,0.0,0.0415921792093407,0.031253894503985316
cell_592,0.0,0.049222354009211065,0.0,0.0,0.0
cell_593,0.03685455011624961,0.08047567150783892,0.06606435624792603,0.06371953582007588,0.03459139124980672
cell_594,0.0,0.0,0.0,0.0,0.0
cell_595,0.03818929868121776,0.0,0.0,0.0,0.0
cell_596,0.0,0.051181338328093566,0.0,0.027948956690225263,0.0
cell_597,0.0340100039114446,0.0,0.0,0.0,0.0
cell_598,0.011042960607063267,0.06917824935599104,0.0,0.0,0.0
cell_599,0.058142891821809296,0.0,0.0,0.0,0.0
